x,y
1,-7.68E-05
2,2.68E-05
3,1.62E-05
4,-0.00013798
5,-9.83E-05
6,0.0001229
7,-9.50E-05
8,-6.84E-05
9,-0.0001358
10,0.00016713
11,-9.23E-05
12,8.12E-05
13,0.00019445
14,7.83E-05
15,7.68E-05
16,-9.08E-05
17,0.00010071
18,-7.02E-05
19,-0.00013833
20,6.54E-05
21,-3.40E-05
22,-0.00010043
23,3.13E-05
24,0.00015285
25,-3.26E-05
26,2.11E-05
27,9.40E-05
28,8.33E-05
29,-0.0001416
30,5.76E-05
31,7.88E-05
32,-0.00012264
33,6.95E-05
34,-5.59E-05
35,-9.34E-05
36,6.51E-05
37,2.15E-05
38,-4.00E-05
39,0.00011882
40,4.15E-05
41,0.00025937
42,-5.50E-05
43,3.39E-05
44,-0.00013192
45,2.02E-05
46,3.19E-05
47,3.23E-05
48,-0.00013378
49,0.00018262
50,-0.00010003
51,7.70E-05
52,3.41E-06
53,-1.02E-05
54,2.00E-05
55,8.07E-05
56,0.00020936
57,8.86E-05
58,3.64E-05
59,-0.00018151
60,-0.00012168
61,-2.86E-05
62,-6.48E-05
63,-2.43E-05
64,-7.66E-05
65,-6.84E-05
66,0.00013234
67,7.95E-05
68,7.73E-05
69,-0.00020623
70,0.00027818
71,-0.00018572
72,-2.63E-05
73,-6.48E-05
74,-3.81E-05
75,0.0001102
76,0.00011987
77,0.00015964
78,-0.00014914
79,3.81E-05
80,-0.00019697
81,2.69E-05
82,5.89E-05
83,-6.36E-05
84,-5.95E-06
85,-1.49E-05
86,5.16E-05
87,1.85E-05
88,-7.97E-05
89,0.00020769
90,-3.10E-06
91,5.08E-05
92,9.31E-07
93,-0.00019544
94,-8.27E-05
95,0.00011998
96,9.66E-07
97,-0.00016674
98,0.00016144
99,-4.05E-06
100,0.00010407
101,-5.89E-05
102,-0.00013239
103,-5.84E-05
104,2.11E-05
105,-0.00019542
106,5.26E-05
107,-8.82E-06
108,-0.00013441
109,3.01E-05
110,-0.00010313
111,0.00018967
112,0.00010928
113,7.84E-05
114,3.36E-05
115,2.33E-05
116,-9.77E-05
117,-9.80E-05
118,3.64E-05
119,-7.43E-05
120,-8.24E-05
121,7.24E-05
122,4.59E-05
123,0.00014748
124,-0.00015779
125,-0.00018378
126,-6.09E-05
127,-3.74E-05
128,-1.38E-05
129,-3.55E-05
130,-0.00014401
131,9.74E-05
132,2.85E-05
133,5.45E-05
134,-6.56E-05
135,-1.30E-05
136,-5.30E-05
137,-0.00024869
138,-0.00015536
139,-5.73E-05
140,-1.02E-05
141,0.00018627
142,7.41E-05
143,-0.00013158
144,1.75E-05
145,-2.01E-05
146,9.75E-05
147,-0.00012628
148,0.00017946
149,8.44E-05
150,3.32E-05
151,-0.00016484
152,0.00011213
153,-5.07E-05
154,-8.31E-05
155,-0.00014622
156,4.63E-05
157,7.78E-05
158,4.69E-05
159,5.63E-05
160,-0.00011601
161,-5.78E-05
162,-0.00010902
163,7.14E-05
164,2.52E-05
165,2.01E-05
166,1.92E-05
167,0.00014105
168,0.00012853
169,8.89E-06
170,0.00013478
171,-2.76E-05
172,5.16E-06
173,0.00011173
174,-0.00026047
175,-5.27E-05
176,0.00017421
177,4.62E-05
178,4.16E-05
179,-0.000111
180,4.50E-05
181,-0.0001168
182,-6.63E-08
183,-2.33E-06
184,-0.00011341
185,0.00015083
186,-0.00016236
187,5.57E-06
188,3.47E-05
189,-6.06E-05
190,0.00014485
191,3.56E-05
192,-0.00019233
193,3.88E-05
194,5.73E-05
195,-8.70E-05
196,8.57E-05
197,3.28E-05
198,9.09E-05
199,-6.57E-05
200,-4.53E-05
201,-0.00010405
202,6.38E-06
203,0.00017005
204,-0.00015853
205,-0.00017014
206,3.65E-05
207,9.63E-05
208,-6.02E-05
209,-6.95E-06
210,-9.06E-05
211,-4.70E-05
212,8.76E-05
213,7.73E-05
214,-0.00013017
215,2.18E-05
216,6.61E-05
217,6.70E-05
218,0.00014796
219,-0.00015325
220,-8.00E-05
221,8.83E-05
222,7.72E-05
223,0.00012124
224,5.91E-06
225,-5.47E-05
226,4.17E-05
227,-0.00010426
228,8.91E-05
229,5.79E-05
230,6.58E-05
231,3.53E-05
232,1.33E-05
233,5.84E-05
234,1.74E-05
235,5.17E-05
236,-1.20E-05
237,6.32E-05
238,0.00012011
239,-2.24E-05
240,-0.00012762
241,0.00011073
242,-0.00016287
243,0.00016377
244,5.17E-05
245,-2.04E-05
246,3.03E-05
247,-8.44E-05
248,6.20E-05
249,6.50E-05
250,6.66E-06
251,-8.63E-05
252,-1.71E-05
253,-6.43E-05
254,1.51E-05
255,-1.79E-05
256,2.34E-05
257,0.00023338
258,-9.41E-05
259,7.45E-05
260,-5.83E-05
261,-0.00016759
262,-3.51E-05
263,-8.45E-05
264,8.87E-06
265,-1.12E-05
266,0.00012588
267,-6.88E-05
268,-9.87E-06
269,-8.36E-05
270,5.42E-05
271,0.00021213
272,9.58E-05
273,3.41E-05
274,0.00013226
275,-5.97E-06
276,1.34E-05
277,2.83E-05
278,-1.95E-05
279,0.00013352
280,0.00016539
281,3.67E-05
282,7.59E-05
283,-9.77E-05
284,0.00014696
285,-1.82E-05
286,3.58E-05
287,0.00010955
288,-7.12E-06
289,2.97E-05
290,8.11E-05
291,-5.42E-06
292,3.14E-06
293,-7.53E-05
294,0.0001551
295,0.00015327
296,2.85E-05
297,7.29E-05
298,2.86E-05
299,-7.40E-05
300,0.00010018
301,-7.30E-05
302,4.97E-05
303,-9.82E-05
304,3.50E-05
305,1.47E-06
306,-2.40E-06
307,-2.15E-05
308,5.80E-06
309,-0.00011562
310,9.35E-05
311,1.83E-05
312,-0.00011087
313,7.46E-05
314,-0.0001825
315,-0.00013769
316,-0.00010576
317,2.12E-05
318,-2.39E-05
319,6.26E-05
320,-1.73E-05
321,-0.00012277
322,6.66E-05
323,7.98E-06
324,-0.00016616
325,-5.96E-05
326,-0.00010088
327,-0.00010769
328,5.08E-05
329,6.15E-05
330,-4.75E-05
331,-0.00025605
332,-6.89E-05
333,-2.16E-05
334,6.99E-05
335,-5.89E-06
336,-0.00012764
337,-7.53E-06
338,0.00014851
339,-3.07E-05
340,-4.19E-05
341,-0.00010343
342,-6.55E-05
343,-2.44E-05
344,0.00015427
345,0.00010531
346,4.95E-05
347,7.04E-05
348,-1.75E-05
349,-9.75E-05
350,8.25E-05
351,-8.82E-05
352,7.87E-06
353,-3.10E-05
354,-5.88E-05
355,4.16E-05
356,5.70E-05
357,-1.26E-05
358,1.10E-05
359,-2.39E-05
360,3.29E-05
361,0.0002199
362,3.62E-06
363,4.43E-05
364,4.31E-05
365,-7.51E-05
366,4.47E-05
367,6.82E-05
368,0.00015937
369,-0.00020286
370,1.82E-05
371,-2.41E-05
372,-0.00013172
373,-3.28E-05
374,7.21E-06
375,1.48E-05
376,-5.66E-05
377,-4.28E-05
378,-6.87E-05
379,-1.52E-05
380,3.48E-05
381,7.94E-05
382,0.00015525
383,0.00010875
384,3.50E-05
385,-1.34E-05
386,6.20E-05
387,-2.71E-05
388,-4.61E-06
389,-0.00017872
390,-0.00010798
391,-4.17E-05
392,6.71E-05
393,0.00020019
394,8.04E-05
395,-0.00011318
396,-0.00017492
397,7.92E-05
398,-4.93E-05
399,0.00011996
400,2.69E-05
401,-2.10E-05
402,-1.54E-05
403,-3.50E-05
404,-4.31E-05
405,6.64E-05
406,6.29E-05
407,4.95E-05
408,5.79E-05
409,4.62E-05
410,0.00013979
411,-5.36E-06
412,5.85E-05
413,-0.00020826
414,-4.38E-06
415,0.00024618
416,3.24E-05
417,-2.92E-05
418,0.00014402
419,4.86E-05
420,0.00013996
421,-2.21E-05
422,-0.00016568
423,-0.00019693
424,0.00014478
425,6.50E-05
426,0.00012187
427,-0.00011749
428,-0.00013211
429,0.00012218
430,-5.12E-05
431,-0.00017604
432,2.14E-06
433,-6.14E-05
434,-0.00015795
435,0.00026427
436,-6.79E-05
437,0.00027288
438,5.23E-05
439,8.61E-05
440,-9.29E-06
441,-6.65E-07
442,-3.56E-05
443,2.31E-06
444,-3.25E-05
445,0.00017334
446,-9.53E-06
447,-9.09E-05
448,-2.34E-05
449,3.06E-05
450,-4.40E-05
451,-7.94E-05
452,-7.69E-05
453,5.60E-05
454,2.80E-05
455,-0.00012837
456,0.00014782
457,7.78E-05
458,-0.00013085
459,0.00011709
460,9.13E-05
461,-8.84E-05
462,5.38E-05
463,3.19E-05
464,-1.92E-05
465,3.40E-05
466,5.77E-05
467,8.16E-05
468,9.00E-05
469,0.00029053
470,-0.00012086
471,2.38E-05
472,7.61E-05
473,7.95E-05
474,-1.89E-06
475,8.36E-05
476,5.55E-05
477,-3.27E-05
478,-3.56E-05
479,3.21E-05
480,0.000119
481,4.31E-05
482,-5.94E-05
483,-9.15E-05
484,-3.52E-05
485,0.00016326
486,-7.47E-05
487,-0.00013342
488,-3.26E-05
489,6.79E-05
490,1.17E-05
491,-0.00014271
492,6.49E-06
493,-7.79E-05
494,0.00019082
495,0.00011403
496,4.03E-05
497,-2.03E-05
498,-1.13E-05
499,2.47E-05
500,0.00014297
501,5.07E-05
502,0.00013662
503,2.51E-05
504,-1.08E-05
505,-6.66E-05
506,7.66E-05
507,-5.91E-05
508,-2.76E-05
509,-3.03E-05
510,-3.47E-05
511,-0.0001128
512,-0.00015926
513,-1.50E-05
514,2.82E-05
515,-0.00019734
516,-8.14E-05
517,-1.31E-05
518,-2.11E-05
519,6.70E-05
520,3.59E-05
521,-0.00020601
522,6.35E-05
523,1.58E-05
524,0.0001227
525,2.86E-06
526,-9.36E-05
527,4.27E-05
528,0.00028274
529,-3.98E-05
530,3.49E-07
531,-0.0001706
532,-3.83E-05
533,9.32E-05
534,9.75E-05
535,-8.83E-05
536,-0.00017089
537,0.00016877
538,-4.77E-05
539,4.16E-05
540,-8.18E-06
541,-5.64E-05
542,-7.06E-05
543,-7.74E-05
544,1.17E-05
545,-2.23E-05
546,7.81E-05
547,5.03E-05
548,5.39E-05
549,-6.21E-05
550,2.95E-05
551,-5.64E-05
552,5.59E-05
553,1.87E-05
554,-6.63E-05
555,-5.73E-05
556,2.13E-05
557,2.39E-05
558,2.74E-05
559,-7.14E-06
560,2.15E-05
561,0.00013489
562,7.60E-05
563,-0.0001514
564,3.11E-05
565,2.03E-05
566,2.99E-05
567,-5.24E-05
568,-2.44E-05
569,-4.42E-05
570,3.77E-05
571,1.59E-06
572,-2.17E-05
573,-3.30E-05
574,-0.00010106
575,0.00010789
576,7.19E-05
577,-8.16E-06
578,0.00010737
579,0.00012529
580,-0.00010561
581,5.54E-05
582,0.00011547
583,-2.22E-06
584,-9.97E-05
585,5.50E-05
586,-4.63E-05
587,9.05E-05
588,-0.00016634
589,1.06E-05
590,-0.00012985
591,-2.14E-05
592,-0.00011479
593,6.57E-05
594,-3.58E-05
595,-9.02E-05
596,-6.88E-06
597,6.01E-05
598,0.00025548
599,0.00015529
600,-0.0001031
601,7.81E-06
602,1.52E-05
603,-4.21E-05
604,-3.46E-05
605,0.00027427
606,3.97E-05
607,0.00029175
608,0.00015108
609,0.00021075
610,-6.09E-05
611,8.24E-06
612,0.000296
613,0.00010159
614,0.00019943
615,-2.55E-05
616,-2.19E-05
617,1.69E-05
618,0.00022504
619,-4.33E-06
620,-1.14E-05
621,-2.62E-05
622,-3.99E-05
623,-0.00012253
624,-3.88E-05
625,-0.00013529
626,-7.75E-05
627,8.75E-05
628,8.39E-06
629,-1.17E-05
630,-2.08E-05
631,0.00034109
632,0.00031147
633,7.00E-05
634,-9.39E-05
635,-5.26E-05
636,-0.00012937
637,7.42E-06
638,8.91E-05
639,-0.00013856
640,-0.00011277
641,-0.0002621
642,2.33E-06
643,2.38E-05
644,0.00014167
645,-6.06E-05
646,-8.15E-05
647,-4.57E-05
648,3.76E-05
649,3.13E-05
650,4.25E-05
651,5.45E-05
652,5.27E-05
653,-3.53E-05
654,-0.00011962
655,0.00034501
656,-2.42E-05
657,0.00011328
658,8.93E-05
659,-0.0001448
660,-0.00022935
661,-0.00020079
662,-0.00020138
663,-0.0002341
664,-0.00031641
665,-0.00022349
666,-0.00046959
667,-0.0004526
668,-0.00057339
669,-0.00057013
670,-0.00056038
671,-0.00040566
672,-0.00014465
673,-0.00021829
674,1.06E-05
675,-4.58E-05
676,0.00017167
677,3.83E-05
678,0.00010923
679,5.52E-05
680,-7.72E-05
681,3.49E-05
682,0.00030082
683,0.00013174
684,0.00038717
685,0.00042493
686,0.00033763
687,0.00044275
688,0.00045829
689,0.00048241
690,0.00018439
691,0.00036769
692,9.52E-06
693,-2.19E-05
694,-7.42E-05
695,-4.44E-05
696,-9.32E-05
697,-0.00011001
698,-0.00013658
699,-0.00026997
700,-0.00024621
701,-0.0003798
702,-0.00022505
703,-0.00025488
704,-4.71E-05
705,-9.72E-05
706,0.00023074
707,9.11E-05
708,0.00015753
709,0.00016697
710,0.00031165
711,0.00025688
712,0.00046946
713,0.00023352
714,0.00027907
715,0.00043567
716,0.00043267
717,0.00031425
718,0.00010326
719,0.00021849
720,0.00026857
721,-0.0001518
722,-8.70E-05
723,-0.0001947
724,-0.00025068
725,-0.00034002
726,-5.35E-05
727,-0.00024045
728,-0.00041208
729,-0.00029814
730,-0.00054507
731,-0.00063679
732,-0.00060786
733,-0.00062284
734,-0.000834
735,-0.00089388
736,-0.00081549
737,-0.00091515
738,-0.00090578
739,-0.0008453
740,-0.00072309
741,-0.00071252
742,-0.00052167
743,-0.00043435
744,-0.0003391
745,0.00018912
746,-5.34E-05
747,4.24E-06
748,1.82E-05
749,8.09E-05
750,0.00036226
751,0.00046984
752,0.00046318
753,0.00043262
754,-1.52E-05
755,2.64E-05
756,-7.73E-05
757,0.00017076
758,0.00041304
759,0.00041042
760,0.00064604
761,0.00058978
762,0.00047685
763,0.00053362
764,0.00049761
765,0.00047333
766,0.000433
767,0.00028967
768,0.00039445
769,0.00030195
770,0.00012755
771,-2.90E-05
772,0.00019903
773,0.00017472
774,4.56E-05
775,0.00011736
776,-1.08E-05
777,2.10E-05
778,-0.00014971
779,-0.00015912
780,-0.00020177
781,-0.00051313
782,-0.00043385
783,-0.00054478
784,-0.00051929
785,-0.00013741
786,-0.00038314
787,-0.00028282
788,-0.00054263
789,-0.00030278
790,-0.00041877
791,-0.00044001
792,-0.00052396
793,-0.00070565
794,-0.00013499
795,-0.00010246
796,-8.29E-05
797,1.96E-05
798,-0.00017782
799,-0.00021687
800,-8.28E-05
801,0.00033712
802,0.00025924
803,0.00034539
804,0.00046985
805,0.0004964
806,0.00052021
807,0.00053499
808,0.00024501
809,-3.88E-05
810,-0.0001954
811,-0.00013435
812,0.00010462
813,-6.06E-06
814,-0.00023871
815,-3.86E-06
816,-0.00010781
817,-0.00031596
818,-0.00024063
819,-0.00048122
820,-0.00061198
821,-0.00023398
822,-0.00044213
823,-0.00016919
824,-0.00040317
825,-0.00010486
826,-0.0001269
827,-0.00020982
828,5.48E-05
829,0.00014104
830,0.0003063
831,0.00049933
832,0.00053363
833,0.00074514
834,0.00048805
835,0.00028914
836,0.00018078
837,0.00033558
838,0.00060526
839,0.00059367
840,0.00054011
841,0.00034544
842,0.00015904
843,0.00014865
844,0.00025355
845,0.00028336
846,0.00020076
847,0.00020145
848,-4.30E-05
849,-7.04E-05
850,-8.44E-05
851,-0.00018879
852,-0.00018817
853,-0.00042174
854,-0.00053439
855,-0.00050929
856,-0.00059171
857,-0.00061513
858,-0.00046371
859,-0.00048921
860,-0.00043583
861,-0.00030086
862,-6.21E-05
863,-0.00029811
864,-0.00030051
865,-0.00040034
866,-0.00018698
867,-0.00019528
868,-0.00029864
869,-0.00019199
870,-0.00027462
871,-0.00024185
872,-0.00019814
873,3.10E-05
874,0.00012038
875,0.00010008
876,8.60E-05
877,0.00016861
878,0.00034373
879,0.00034548
880,0.00026494
881,0.00045324
882,0.00067047
883,0.00060005
884,0.00035494
885,0.00044956
886,0.00039537
887,0.00012352
888,0.0003051
889,0.00018782
890,0.00028456
891,0.00033721
892,7.31E-05
893,-5.53E-05
894,-0.00016011
895,-0.00030337
896,-0.00010796
897,4.09E-05
898,-4.60E-05
899,-4.15E-05
900,-0.000114
901,-5.52E-05
902,6.79E-05
903,-5.82E-05
904,-0.00020754
905,-0.00012951
906,-0.00016063
907,-0.00038958
908,-0.00010507
909,-0.00016098
910,-6.60E-05
911,-0.00018056
912,-0.00015191
913,-7.89E-05
914,-0.00027259
915,-0.00051354
916,-0.00021075
917,-0.00044163
918,-0.00019446
919,-0.00033182
920,-0.00016519
921,-0.00044008
922,-0.00054038
923,-0.00037194
924,-0.00016108
925,-9.39E-05
926,0.00013492
927,-0.00037618
928,-0.00028824
929,-0.00018242
930,-0.00042487
931,-0.00019851
932,-0.00045273
933,-0.00024659
934,-0.00017582
935,-0.00021105
936,0.00010435
937,-0.00031312
938,-0.00034227
939,-0.00041722
940,-0.00026736
941,2.54E-05
942,-6.16E-05
943,0.00026106
944,9.13E-05
945,0.00019783
946,0.00027258
947,6.89E-05
948,0.00029623
949,0.00037565
950,-6.36E-05
951,-0.00012002
952,0.00013949
953,4.92E-05
954,0.00031487
955,0.00060187
956,0.00074158
957,0.00075456
958,0.00055416
959,0.00071605
960,0.00028438
961,7.71E-05
962,0.00034218
963,0.0002643
964,0.00041001
965,0.0005157
966,0.00032275
967,0.00066559
968,0.00065791
969,0.00034265
970,0.00019984
971,8.78E-05
972,-0.00023829
973,-0.00035779
974,-0.00064591
975,-0.00049971
976,-0.00041533
977,-0.00077927
978,-0.00073822
979,-0.0010778
980,-0.0011323
981,-0.0010766
982,-0.00082781
983,-0.00069556
984,-0.00085494
985,-0.00069341
986,-0.00060467
987,-0.00050528
988,-0.0004048
989,-0.00024787
990,-9.37E-05
991,-2.09E-06
992,4.09E-05
993,9.12E-05
994,8.18E-05
995,0.00045842
996,0.0002764
997,0.000575
998,0.00033425
999,0.00037409
1000,0.00042679
1001,0.00040039
1002,0.00014751
1003,0.00045235
1004,0.00050799
1005,0.00036387
1006,0.00032366
1007,0.00058375
1008,0.00024123
1009,0.00025284
1010,0.00053995
1011,0.00036057
1012,0.0002025
1013,5.74E-05
1014,-0.00010288
1015,0.00015707
1016,0.00020399
1017,0.00025922
1018,0.00044265
1019,0.00033534
1020,-0.0001315
1021,-0.00013555
1022,-0.00029535
1023,-0.00039983
1024,-0.00055009
1025,-0.00039684
1026,-0.00023934
1027,-0.00027765
1028,-0.00032595
1029,-6.46E-05
1030,-0.00046601
1031,-0.00070634
1032,-0.00073993
1033,-0.00071836
1034,-0.00087439
1035,-0.00098505
1036,-0.00092927
1037,-0.00067504
1038,-0.00041581
1039,-0.00023423
1040,-0.00028064
1041,-0.00021729
1042,-0.00013801
1043,7.91E-05
1044,0.00018819
1045,0.00012532
1046,0.00034623
1047,0.00011207
1048,0.00028531
1049,0.00050262
1050,0.0005018
1051,0.00073092
1052,0.00043172
1053,0.00041964
1054,0.00044147
1055,0.00014188
1056,0.00029904
1057,1.39E-05
1058,0.00021811
1059,0.00011137
1060,0.00017646
1061,0.00028674
1062,4.01E-05
1063,-2.95E-05
1064,-0.00018781
1065,-0.00037059
1066,-0.00022364
1067,-0.00019264
1068,-0.00039055
1069,-1.60E-05
1070,6.42E-05
1071,0.0002508
1072,0.00044956
1073,0.00033518
1074,-4.41E-05
1075,-7.32E-05
1076,0.00011045
1077,7.38E-06
1078,1.84E-05
1079,8.22E-05
1080,-3.24E-05
1081,0.00012737
1082,0.00010811
1083,-6.00E-05
1084,1.13E-05
1085,-0.00013908
1086,1.92E-05
1087,0.00023332
1088,-0.00029295
1089,-0.00037494
1090,-0.00057042
1091,-0.00056836
1092,-0.00065384
1093,-0.00044938
1094,-0.00030636
1095,-0.00012989
1096,-0.00015687
1097,-0.00030343
1098,-0.00046456
1099,-0.00035164
1100,-0.00025443
1101,-0.00034677
1102,-0.00045227
1103,1.53E-05
1104,-0.00025052
1105,-7.93E-05
1106,0.00022841
1107,0.00041386
1108,-1.66E-05
1109,0.00041465
1110,4.98E-05
1111,0.00041457
1112,0.00063178
1113,0.000293
1114,7.90E-05
1115,0.00012975
1116,9.76E-05
1117,5.84E-05
1118,9.39E-05
1119,0.00023445
1120,1.53E-05
1121,-0.00011534
1122,-0.00042114
1123,-0.00034411
1124,-0.00011944
1125,-3.71E-05
1126,8.96E-05
1127,-0.00014426
1128,8.90E-05
1129,9.80E-05
1130,0.00010231
1131,1.13E-06
1132,-0.00014917
1133,-0.00036951
1134,-0.00015724
1135,-0.00033085
1136,-0.00014961
1137,-4.20E-05
1138,-0.00010459
1139,0.0001719
1140,0.00030584
1141,0.00037687
1142,0.00053039
1143,0.00014703
1144,-0.00024111
1145,-0.0003172
1146,-0.00075018
1147,-0.00048638
1148,-0.00036297
1149,-0.00016679
1150,5.09E-05
1151,3.02E-05
1152,-8.50E-05
1153,-6.74E-05
1154,0.00030441
1155,0.00046649
1156,0.00047131
1157,0.00033369
1158,1.52E-06
1159,-0.00023904
1160,-0.00057822
1161,-0.00040253
1162,-0.0001631
1163,-0.00011444
1164,-5.65E-06
1165,0.00013386
1166,0.00016999
1167,-9.07E-05
1168,-8.38E-05
1169,-0.00021424
1170,-0.00028702
1171,-7.49E-05
1172,-5.87E-05
1173,1.13E-06
1174,0.00037642
1175,0.00042393
1176,0.00052138
1177,0.00041487
1178,0.00018862
1179,-0.00027178
1180,-0.0001809
1181,-0.00018982
1182,-7.93E-05
1183,-0.00016899
1184,-0.00045994
1185,-0.00030064
1186,-0.00037282
1187,-0.00048775
1188,-0.00022463
1189,-0.00035678
1190,-0.00014616
1191,-0.00018855
1192,2.53E-05
1193,0.00013276
1194,0.00048635
1195,0.00040863
1196,0.00030116
1197,0.00014445
1198,0.00029491
1199,0.00016297
1200,-0.00032407
1201,-0.0003484
1202,-0.00050541
1203,-0.00050059
1204,-0.00026675
1205,-4.25E-05
1206,-0.00057281
1207,-3.59E-06
1208,-0.00010863
1209,7.73E-05
1210,-2.69E-08
1211,-2.82E-05
1212,-4.80E-05
1213,3.38E-05
1214,-8.18E-05
1215,-0.00039711
1216,-0.00029792
1217,-9.16E-05
1218,-7.42E-05
1219,0.00018833
1220,0.00022034
1221,-5.10E-05
1222,0.00014616
1223,8.29E-05
1224,-0.00028787
1225,-1.72E-05
1226,-0.00026972
1227,-0.0002784
1228,4.10E-06
1229,4.07E-05
1230,-0.00021489
1231,8.67E-05
1232,0.0001088
1233,0.00035847
1234,0.00049041
1235,0.00033263
1236,0.0003324
1237,0.00046285
1238,0.00034642
1239,0.00024751
1240,0.00034005
1241,0.00034803
1242,0.00032522
1243,-0.0001775
1244,-0.00015371
1245,5.09E-05
1246,6.00E-05
1247,9.47E-05
1248,0.0001633
1249,5.02E-05
1250,0.00010536
1251,0.00014159
1252,0.0001861
1253,-1.46E-05
1254,0.00011197
1255,3.40E-06
1256,9.37E-05
1257,0.00018952
1258,-0.00025218
1259,-0.00031809
1260,-0.00075193
1261,-0.00066926
1262,-0.00065477
1263,-0.00012122
1264,4.46E-05
1265,0.00026447
1266,9.87E-05
1267,-0.00023725
1268,-0.00026983
1269,-0.00067274
1270,-0.00086655
1271,-0.00071642
1272,-0.00046098
1273,-0.00054728
1274,-0.00045429
1275,-0.00021436
1276,0.00011167
1277,-5.47E-05
1278,-4.99E-05
1279,9.11E-05
1280,0.00010087
1281,-5.89E-05
1282,-0.00016799
1283,-0.00028926
1284,-0.00022836
1285,0.00014381
1286,0.00029912
1287,0.00022389
1288,0.00037639
1289,0.00028809
1290,0.00018563
1291,0.0001547
1292,1.47E-05
1293,-3.75E-05
1294,-1.63E-05
1295,0.00015429
1296,0.00017665
1297,0.00035006
1298,0.00016736
1299,0.00023251
1300,4.01E-05
1301,0.00029829
1302,0.00032715
1303,0.00039005
1304,0.00011412
1305,-0.00041759
1306,-0.00050761
1307,-0.00056854
1308,-0.00056959
1309,-5.08E-05
1310,0.00010073
1311,0.00018794
1312,-4.36E-05
1313,-0.00020163
1314,-0.00043024
1315,-0.00016143
1316,-0.00014284
1317,3.48E-05
1318,0.00023048
1319,-0.00016383
1320,-0.00044037
1321,-0.00044208
1322,-0.00025397
1323,0.00011566
1324,-5.18E-05
1325,0.00011166
1326,-0.00028935
1327,-0.00059636
1328,-0.00049833
1329,-0.00031044
1330,8.23E-06
1331,-0.00026962
1332,-0.00018335
1333,-0.00038222
1334,-0.00010424
1335,-0.00021333
1336,-0.00015858
1337,0.00022122
1338,0.00020444
1339,0.00037574
1340,0.00016983
1341,-6.78E-05
1342,1.38E-05
1343,0.00027257
1344,0.00022405
1345,0.00026529
1346,0.00022006
1347,4.90E-05
1348,0.00014309
1349,0.0003145
1350,0.0003737
1351,0.00024319
1352,0.00040686
1353,0.00079337
1354,0.00041091
1355,-0.00014816
1356,-0.00026986
1357,0.00032551
1358,-0.00022408
1359,-4.03E-05
1360,-0.00012925
1361,0.00018757
1362,3.01E-06
1363,-0.00041098
1364,-0.00038795
1365,-0.00052774
1366,-0.00047211
1367,-0.00026524
1368,-0.00020078
1369,-9.86E-05
1370,-0.00016646
1371,-0.00047083
1372,-0.00032848
1373,-0.00033848
1374,0.00022971
1375,0.00020587
1376,0.00014442
1377,-9.97E-05
1378,-0.00013472
1379,-5.62E-05
1380,-3.64E-09
1381,-0.00017492
1382,0.00028544
1383,0.00016032
1384,-0.00038322
1385,-0.00063194
1386,-0.0007974
1387,-0.0005166
1388,-0.00039868
1389,-2.34E-05
1390,0.00023095
1391,-3.71E-05
1392,-3.40E-05
1393,-2.33E-05
1394,0.00040741
1395,0.00016311
1396,-2.09E-05
1397,-0.00040873
1398,-0.0002008
1399,-0.00076707
1400,-0.00040463
1401,-0.00044207
1402,0.0001789
1403,9.22E-05
1404,0.00039187
1405,-1.88E-05
1406,0.00021972
1407,5.62E-05
1408,-5.75E-05
1409,-5.29E-05
1410,0.00010103
1411,6.87E-05
1412,9.69E-05
1413,0.00023809
1414,0.00031247
1415,0.00082655
1416,0.00098782
1417,0.00080255
1418,0.00038877
1419,0.00028535
1420,-9.78E-05
1421,-1.77E-05
1422,0.00016997
1423,-3.84E-06
1424,-0.00035508
1425,-0.00036241
1426,-0.00014853
1427,-1.79E-05
1428,0.00020777
1429,0.00033354
1430,-6.22E-05
1431,0.00020064
1432,0.00027997
1433,9.98E-05
1434,-0.00010723
1435,-0.00012845
1436,-0.00037247
1437,-0.00047445
1438,-0.00035138
1439,1.47E-05
1440,-2.90E-05
1441,-0.00030899
1442,-0.00048328
1443,-0.00068277
1444,-0.00051062
1445,-0.0007109
1446,-0.00039601
1447,-0.00035494
1448,-0.00020846
1449,-0.00013598
1450,-0.00057435
1451,-0.00035918
1452,-0.00034038
1453,-0.00049871
1454,-0.00033975
1455,-0.00046283
1456,-0.00025649
1457,0.0002204
1458,-0.00017225
1459,-0.00013154
1460,2.66E-05
1461,-0.00010988
1462,5.26E-05
1463,-8.97E-05
1464,-0.00024664
1465,-0.00029873
1466,-4.61E-05
1467,-2.14E-05
1468,0.00047569
1469,-5.10E-05
1470,3.92E-05
1471,0.00037514
1472,0.00040927
1473,0.00052654
1474,0.00043045
1475,0.00033041
1476,0.00045176
1477,0.00033704
1478,0.00033027
1479,0.00039341
1480,0.00033942
1481,0.00030106
1482,0.00017316
1483,9.14E-05
1484,7.45E-05
1485,0.00011839
1486,2.03E-05
1487,2.12E-06
1488,-0.00016706
1489,-0.00022156
1490,3.13E-05
1491,-3.20E-05
1492,-0.00027742
1493,-0.00046691
1494,-0.00014557
1495,-0.00028552
1496,-0.00012696
1497,-0.00014327
1498,-0.00032202
1499,-0.00033905
1500,-0.00039549
1501,-0.00040797
1502,-0.00021595
1503,-0.00016284
1504,-0.00012303
1505,-0.00020812
1506,-0.00075658
1507,-0.00058152
1508,-0.00029716
1509,-0.00012335
1510,-0.00018668
1511,0.0001422
1512,0.00028502
1513,9.32E-05
1514,0.00011653
1515,-0.00027265
1516,0.00025634
1517,0.00047851
1518,-0.00020366
1519,-0.00032897
1520,-0.00034337
1521,-0.00026433
1522,-0.00024277
1523,8.90E-05
1524,0.00028964
1525,0.00041879
1526,9.96E-05
1527,9.76E-05
1528,0.00033855
1529,0.00031361
1530,0.00030249
1531,0.00027882
1532,0.00031306
1533,0.0001535
1534,8.44E-06
1535,-0.00034597
1536,-0.00026993
1537,-0.00044691
1538,-8.56E-05
1539,-4.66E-05
1540,-6.64E-05
1541,2.44E-05
1542,0.00030134
1543,0.0002049
1544,0.00021657
1545,0.00025478
1546,0.00014249
1547,-0.00023565
1548,-0.00011685
1549,-0.00020529
1550,-0.00027692
1551,-0.00011779
1552,0.00029912
1553,0.00040722
1554,0.00011568
1555,0.00019848
1556,-0.00011513
1557,2.86E-05
1558,-3.63E-05
1559,9.64E-06
1560,-2.56E-05
1561,-9.42E-05
1562,7.72E-05
1563,0.00038203
1564,-0.00013426
1565,-0.00010131
1566,-0.00015056
1567,-5.18E-05
1568,-0.00016423
1569,-0.00020903
1570,-0.0003969
1571,-0.00052072
1572,-0.00058471
1573,-0.00036873
1574,-0.00041191
1575,-0.00044351
1576,-0.00028626
1577,-0.00011908
1578,-0.00018004
1579,-4.62E-05
1580,-0.00015855
1581,-0.00027945
1582,3.14E-05
1583,0.0002232
1584,0.00036003
1585,0.00014859
1586,2.80E-05
1587,0.00035159
1588,0.00019103
1589,2.77E-05
1590,0.00017074
1591,0.00033814
1592,0.00041816
1593,0.0004033
1594,0.00043056
1595,0.00031131
1596,3.92E-05
1597,-8.87E-05
1598,-5.53E-05
1599,0.00045499
1600,0.00068544
1601,0.00039394
1602,0.0003585
1603,0.00011171
1604,0.00021025
1605,7.83E-05
1606,-1.11E-05
1607,-0.0001597
1608,0.0001941
1609,0.00041921
1610,0.0005465
1611,0.0003901
1612,7.04E-05
1613,-2.02E-05
1614,-4.80E-05
1615,5.80E-05
1616,-0.00025758
1617,-0.00055854
1618,-0.00064857
1619,-0.00075691
1620,-0.00050713
1621,-0.00032283
1622,-0.00025432
1623,-0.00024111
1624,0.00011395
1625,-0.00025125
1626,-7.79E-05
1627,-6.78E-05
1628,-0.00040664
1629,-0.00041935
1630,-0.00065052
1631,-0.00048341
1632,-0.00044858
1633,0.00011272
1634,0.00020545
1635,-6.22E-05
1636,-0.00015829
1637,1.27E-05
1638,0.00031311
1639,0.0001026
1640,0.00018355
1641,0.00016435
1642,4.83E-05
1643,-0.00018974
1644,-0.00047458
1645,-0.00012807
1646,6.55E-05
1647,0.00025762
1648,0.00035608
1649,-0.00018662
1650,8.66E-06
1651,0.00032198
1652,0.00010266
1653,0.00016957
1654,0.00021699
1655,0.00032289
1656,5.57E-05
1657,-0.00028897
1658,-0.00030887
1659,-0.00010058
1660,-0.000162
1661,-0.00016358
1662,-0.00025141
1663,-6.54E-05
1664,0.00012835
1665,-0.00041271
1666,-0.00020063
1667,-5.83E-05
1668,0.00019161
1669,-6.99E-05
1670,-5.46E-05
1671,0.00034184
1672,0.00050661
1673,0.00025426
1674,0.00013861
1675,-0.0004344
1676,-7.19E-05
1677,0.00017615
1678,0.00019976
1679,0.00023033
1680,0.00052061
1681,0.00043474
1682,0.00018073
1683,1.62E-05
1684,0.00013762
1685,-0.00023782
1686,-0.00045298
1687,-0.00043683
1688,3.61E-06
1689,-0.00022455
1690,-8.03E-05
1691,0.00012208
1692,0.00023867
1693,0.00061723
1694,0.00025801
1695,-0.00010358
1696,-0.00039882
1697,-0.0006307
1698,-0.0011339
1699,-0.00070346
1700,-0.00065622
1701,-0.00052085
1702,-0.00073254
1703,-0.00060029
1704,-0.00033208
1705,-8.02E-05
1706,0.00030572
1707,7.15E-05
1708,0.00037898
1709,0.00021097
1710,0.00024241
1711,0.00016514
1712,0.00010837
1713,-0.00018779
1714,-7.06E-05
1715,4.13E-05
1716,0.00034158
1717,0.00023489
1718,0.00037379
1719,0.00014232
1720,0.00026896
1721,-0.00012217
1722,-0.00011231
1723,0.00034099
1724,0.00040071
1725,0.00012351
1726,0.0001647
1727,-0.00020612
1728,-0.00017188
1729,0.00028612
1730,0.00022623
1731,0.00018378
1732,7.93E-05
1733,0.00020372
1734,0.00047889
1735,0.00040043
1736,0.00028349
1737,-0.00035713
1738,-0.00011852
1739,-0.00067801
1740,-0.00034299
1741,-0.00048778
1742,-0.00056503
1743,-0.00076811
1744,-0.00038192
1745,-0.00023796
1746,-4.35E-05
1747,0.00011934
1748,0.00039156
1749,4.41E-05
1750,-0.00038051
1751,-0.00064322
1752,-0.00066017
1753,-0.00045726
1754,-0.0006249
1755,-0.00049201
1756,-0.00034873
1757,-0.00019641
1758,6.24E-05
1759,0.00036998
1760,0.00043923
1761,0.00022939
1762,-5.45E-05
1763,6.35E-05
1764,0.00013586
1765,0.00020266
1766,0.0004491
1767,0.00042766
1768,0.000225
1769,0.00028202
1770,8.69E-05
1771,-4.69E-05
1772,0.00026837
1773,0.00028829
1774,0.00033419
1775,0.00025382
1776,0.00015117
1777,-0.00013355
1778,-9.09E-05
1779,7.04E-05
1780,0.00011071
1781,-5.46E-06
1782,-4.53E-05
1783,-0.00011757
1784,-0.00046392
1785,-3.56E-05
1786,-0.00015684
1787,6.98E-05
1788,0.00025722
1789,-6.83E-05
1790,-0.00017734
1791,-0.00034319
1792,-0.00067425
1793,-0.00041832
1794,-3.84E-05
1795,4.76E-05
1796,0.00025749
1797,0.00044459
1798,0.00023635
1799,0.00021379
1800,-0.0001103
1801,-0.00024837
1802,-0.00037337
1803,7.74E-05
1804,-8.60E-05
1805,-0.00015691
1806,8.46E-06
1807,-0.00038592
1808,-0.00079489
1809,-0.00030885
1810,-2.79E-05
1811,9.72E-05
1812,0.00037608
1813,2.01E-05
1814,-6.71E-05
1815,-3.64E-05
1816,0.00016337
1817,0.00017592
1818,0.00031976
1819,-3.16E-06
1820,0.00024035
1821,-3.26E-05
1822,-0.00016135
1823,-0.00034565
1824,-2.26E-05
1825,-0.00073158
1826,-0.00052796
1827,-0.00028561
1828,-2.17E-05
1829,-2.86E-05
1830,8.96E-05
1831,-8.11E-05
1832,8.74E-05
1833,3.40E-05
1834,-0.0002137
1835,-0.00024162
1836,-0.00050911
1837,-8.58E-05
1838,-0.00031104
1839,2.61E-05
1840,0.00012057
1841,0.0001653
1842,0.00018752
1843,0.00012689
1844,8.92E-05
1845,4.71E-05
1846,4.50E-05
1847,-0.00010336
1848,8.57E-06
1849,-0.00018388
1850,7.14E-05
1851,0.00026592
1852,3.90E-05
1853,-5.92E-05
1854,-0.0003839
1855,-0.00012112
1856,0.00016129
1857,0.00038992
1858,0.00068294
1859,0.00038766
1860,0.00045464
1861,-3.94E-05
1862,-0.00033716
1863,-0.00032531
1864,-0.00059271
1865,-0.00037761
1866,-0.00042667
1867,-0.00019739
1868,-0.00051172
1869,-0.00047677
1870,-0.00034016
1871,-6.94E-05
1872,5.74E-05
1873,0.00014657
1874,-0.00013392
1875,-0.00012258
1876,8.78E-05
1877,0.00016936
1878,0.00017902
1879,-0.00012669
1880,-1.12E-05
1881,4.77E-05
1882,9.03E-05
1883,8.15E-05
1884,0.00017961
1885,5.03E-05
1886,-8.01E-05
1887,-0.00011242
1888,-3.93E-05
1889,-0.00012693
1890,-0.0002301
1891,3.95E-06
1892,-0.00012874
1893,-8.38E-05
1894,-0.00023825
1895,-3.28E-05
1896,-0.0002335
1897,-4.57E-06
1898,-0.0002083
1899,-0.00029778
1900,-0.00021118
1901,-0.000315
1902,-4.70E-05
1903,-0.00012403
1904,-0.00021608
1905,-7.75E-05
1906,-0.00016446
1907,-0.00042456
1908,-0.00016435
1909,8.20E-05
1910,0.00036958
1911,7.67E-05
1912,6.36E-06
1913,3.07E-05
1914,0.00018273
1915,0.00026999
1916,0.00032643
1917,4.63E-05
1918,0.00025929
1919,6.31E-05
1920,-0.00011595
1921,-7.45E-05
1922,0.00012864
1923,6.73E-05
1924,-3.29E-05
1925,-0.00036689
1926,-0.00027153
1927,-0.00015623
1928,0.00010424
1929,0.00016136
1930,0.0001535
1931,7.29E-05
1932,-4.77E-06
1933,-6.57E-05
1934,0.00019751
1935,-5.69E-05
1936,0.00018796
1937,-0.00011562
1938,0.00015084
1939,9.56E-05
1940,0.00013054
1941,0.00034458
1942,0.00036733
1943,0.00025991
1944,0.00020514
1945,-0.00013267
1946,-0.00026077
1947,-0.00040827
1948,-0.0004194
1949,-0.00045832
1950,-0.00029598
1951,9.19E-05
1952,1.41E-05
1953,-2.96E-05
1954,-0.00010547
1955,0.00012124
1956,8.65E-05
1957,-0.00011694
1958,-0.00036792
1959,-0.00051676
1960,-0.00058563
1961,-0.00037053
1962,-0.00052325
1963,-0.00013986
1964,2.34E-05
1965,-0.00010833
1966,6.64E-05
1967,0.0001573
1968,0.00018322
1969,0.00013376
1970,0.00038446
1971,0.000182
1972,0.00041679
1973,0.00031929
1974,0.0001861
1975,0.00016851
1976,0.00056248
1977,0.00055529
1978,0.00033653
1979,-1.62E-05
1980,0.0002994
1981,0.00012702
1982,0.00011783
1983,0.00015556
1984,-0.000145
1985,-0.00014982
1986,-0.00021902
1987,-0.00020495
1988,-7.36E-05
1989,-0.00013014
1990,-3.54E-05
1991,-5.64E-05
1992,-0.00021028
1993,-4.25E-05
1994,-3.04E-05
1995,3.55E-05
1996,-0.00011951
1997,-0.00027943
1998,-0.000336
1999,-0.00015587
2000,-0.00033904
2001,-0.00033322
2002,-0.00029642
2003,-0.00036296
2004,-0.00010859
2005,-0.00020435
2006,-0.00018467
2007,-9.82E-05
2008,6.27E-05
2009,-1.35E-05
2010,-0.00015358
2011,-0.00012465
2012,-0.00041592
2013,-0.00027217
2014,-0.00010693
2015,7.36E-06
2016,0.00011884
2017,4.15E-05
2018,0.00016913
2019,0.00013105
2020,0.00029845
2021,0.0001288
2022,1.91E-05
2023,-9.54E-05
2024,0.00019637
2025,-6.08E-06
2026,4.36E-05
2027,-0.00018632
2028,-4.43E-05
2029,-5.55E-06
2030,0.00012219
2031,-2.18E-05
2032,-0.00037803
2033,-0.00027595
2034,-0.00032044
2035,-0.000149
2036,-3.15E-05
2037,4.88E-05
2038,3.72E-05
2039,-0.00011223
2040,-0.00022439
2041,-0.00030173
2042,-0.00021304
2043,-0.00017164
2044,-5.23E-05
2045,-1.94E-05
2046,-0.00025069
2047,-0.00013849
2048,-2.76E-05
2049,-8.60E-05
2050,8.34E-05
2051,0.00011267
2052,0.00050888
2053,0.00027806
2054,0.0004844
2055,0.00017822
2056,0.00025565
2057,0.00028381
2058,0.00026189
2059,0.00020373
2060,-0.00013095
2061,-8.92E-05
2062,0.00013095
2063,0.00011582
2064,2.27E-05
2065,0.00018085
2066,0.000199
2067,0.00019874
2068,-2.37E-05
2069,-7.43E-06
2070,-2.77E-05
2071,-0.00012509
2072,-0.00012515
2073,-0.00010816
2074,8.25E-05
2075,-3.72E-05
2076,-2.84E-05
2077,3.98E-05
2078,-0.0001174
2079,5.25E-05
2080,-6.12E-05
2081,-3.36E-05
2082,-0.00033076
2083,-0.00036932
2084,-9.58E-06
2085,-0.00034257
2086,-0.00022947
2087,-0.0004034
2088,-0.00042026
2089,-0.00020242
2090,-0.00020884
2091,-0.00036102
2092,-0.00043698
2093,-0.00031578
2094,0.00010912
2095,-0.00013023
2096,-0.00023315
2097,-0.0002485
2098,-0.00019513
2099,-0.00027307
2100,-0.00011076
2101,-0.00015285
2102,8.77E-05
2103,-0.00036266
2104,-0.00015158
2105,-0.00015499
2106,-0.00015454
2107,0.00012998
2108,0.00013986
2109,0.00012177
2110,-5.70E-05
2111,4.22E-05
2112,0.00012375
2113,3.86E-05
2114,0.00015822
2115,0.0001096
2116,7.25E-05
2117,-6.90E-06
2118,0.00016541
2119,0.00037771
2120,0.00034004
2121,0.00032169
2122,0.00024625
2123,9.26E-05
2124,-0.00014075
2125,-3.38E-05
2126,-0.00019442
2127,0.00010556
2128,-0.00016585
2129,0.00013787
2130,-6.58E-05
2131,-0.00010391
2132,-0.00025946
2133,-0.00024927
2134,-0.00018129
2135,3.66E-05
2136,0.00014369
2137,8.63E-05
2138,-2.70E-05
2139,-9.74E-05
2140,-0.00018993
2141,-0.00018744
2142,-9.55E-05
2143,-0.00018167
2144,0.00020455
2145,1.04E-05
2146,-9.59E-05
2147,-0.00019085
2148,-0.00010418
2149,3.94E-05
2150,-4.64E-05
2151,-0.00020966
2152,-0.00025558
2153,-0.00031985
2154,-8.08E-05
2155,-1.65E-05
2156,-9.82E-05
2157,-7.73E-06
2158,-0.00012474
2159,5.62E-05
2160,-0.00012962
2161,6.47E-05
2162,-0.00016222
2163,-0.00032823
2164,-0.00014202
2165,-0.00014756
2166,-0.00014981
2167,0.00014692
2168,2.90E-05
2169,-4.25E-05
2170,1.30E-05
2171,-6.76E-05
2172,-2.48E-05
2173,0.00018467
2174,0.00013044
2175,4.11E-05
2176,-0.00011709
2177,0.00027016
2178,0.00018596
2179,0.00033279
2180,0.00026349
2181,0.00037678
2182,0.00022609
2183,0.00011786
2184,-6.04E-05
2185,-6.61E-06
2186,7.41E-05
2187,9.01E-05
2188,-5.23E-05
2189,0.00027678
2190,0.0001191
2191,-0.00022027
2192,-0.00028166
2193,-0.00024989
2194,-0.00018326
2195,-0.00041096
2196,-0.00040457
2197,-0.00026652
2198,-0.00016413
2199,-0.00019599
2200,-7.45E-05
2201,-0.00036881
2202,-0.00020788
2203,-0.00037929
2204,-0.0004576
2205,-0.00035166
2206,-0.00031862
2207,-0.00026201
2208,-0.00022859
2209,-7.91E-05
2210,-0.00037751
2211,-0.00037377
2212,-3.66E-05
2213,-0.00015299
2214,0.00019277
2215,4.01E-06
2216,-3.59E-05
2217,-0.00011677
2218,-8.60E-05
2219,-7.79E-05
2220,-5.86E-05
2221,0.00017336
2222,0.0003638
2223,0.00031017
2224,0.00030389
2225,0.00023018
2226,0.00039468
2227,0.00040395
2228,0.00058097
2229,0.00035666
2230,0.00064716
2231,0.00046869
2232,-6.89E-06
2233,-4.57E-05
2234,-3.85E-05
2235,-1.50E-05
2236,7.95E-06
2237,0.00023586
2238,-3.05E-05
2239,3.10E-05
2240,1.91E-05
2241,0.00024538
2242,0.0002511
2243,0.00024063
2244,0.00023796
2245,-0.00014039
2246,-0.0001411
2247,-0.0001869
2248,2.32E-05
2249,-0.00031838
2250,-0.00048118
2251,-0.00043396
2252,-0.00049268
2253,-0.00036511
2254,-0.00056788
2255,-0.00051648
2256,-0.00040766
2257,-0.00019139
2258,-0.00037795
2259,-0.00011414
2260,-0.00011129
2261,-0.0001862
2262,-0.0002772
2263,3.02E-05
2264,-0.00014418
2265,3.62E-05
2266,4.88E-05
2267,0.00019149
2268,0.00037679
2269,0.00031858
2270,0.00012385
2271,0.00025248
2272,7.23E-05
2273,-9.60E-06
2274,-8.60E-05
2275,-6.23E-05
2276,3.67E-05
2277,3.06E-05
2278,2.32E-05
2279,-1.76E-06
2280,-5.60E-05
2281,0.00013841
2282,8.43E-05
2283,0.00016526
2284,-0.00016018
2285,-0.00011068
2286,-3.74E-05
2287,-0.00029713
2288,-0.00025847
2289,-0.00029595
2290,-0.00043948
2291,-0.00053913
2292,-0.00021111
2293,-0.00037054
2294,-0.00025859
2295,6.45E-05
2296,0.00012908
2297,7.92E-05
2298,9.88E-05
2299,-6.79E-05
2300,0.00014218
2301,0.00050653
2302,0.00046689
2303,0.00027041
2304,0.00036878
2305,-3.90E-05
2306,-8.86E-05
2307,-2.52E-05
2308,0.00015218
2309,0.00030433
2310,0.00017822
2311,-0.00013667
2312,-3.21E-05
2313,0.00014252
2314,0.00017357
2315,0.00028848
2316,0.00014105
2317,1.12E-05
2318,2.81E-05
2319,0.00010111
2320,0.00021133
2321,6.18E-05
2322,0.00019578
2323,-0.00020043
2324,-2.37E-05
2325,-8.98E-05
2326,-0.00041998
2327,-0.00055422
2328,-0.00073754
2329,-0.00049439
2330,-0.0002636
2331,-0.00019927
2332,-0.00044562
2333,-0.00018386
2334,-0.00017105
2335,-0.00028407
2336,-0.00032649
2337,-0.00042318
2338,-0.00011713
2339,2.88E-05
2340,5.71E-05
2341,-1.16E-05
2342,-3.12E-05
2343,-8.51E-05
2344,-0.00022685
2345,-0.00014726
2346,-0.0002549
2347,-0.00019564
2348,-0.00030271
2349,-1.57E-05
2350,0.00024739
2351,0.00027684
2352,0.00031095
2353,0.00013214
2354,0.0003433
2355,0.00021579
2356,0.00047828
2357,0.00053548
2358,0.0004489
2359,0.00033485
2360,0.00021147
2361,6.02E-05
2362,-2.49E-05
2363,0.00030266
2364,0.00031331
2365,0.00033607
2366,0.00028702
2367,0.00015414
2368,3.66E-05
2369,4.60E-05
2370,-1.56E-05
2371,0.00017256
2372,8.96E-05
2373,0.00011611
2374,-1.12E-05
2375,-6.58E-05
2376,-0.00018279
2377,-0.0002262
2378,-0.0002146
2379,-0.00050549
2380,-0.00039208
2381,-0.00042566
2382,-0.00040513
2383,-0.00037989
2384,-0.00035052
2385,-0.00036805
2386,-0.00048076
2387,-0.00073849
2388,-0.00059422
2389,-0.00033657
2390,-0.0002646
2391,-0.00044738
2392,-0.00027982
2393,-0.00032964
2394,-0.00027227
2395,-0.00018056
2396,-0.00018003
2397,-5.44E-05
2398,-8.77E-05
2399,0.0001751
2400,-7.39E-05
2401,-5.18E-05
2402,0.00015757
2403,0.00016293
2404,0.00028586
2405,0.00015378
2406,0.00023218
2407,0.00028779
2408,0.00028184
2409,0.00045024
2410,0.00027329
2411,0.00025171
2412,0.00018702
2413,0.00018152
2414,-8.70E-06
2415,-4.79E-05
2416,-2.14E-05
2417,6.11E-05
2418,7.54E-05
2419,-2.43E-05
2420,2.63E-05
2421,0.00024906
2422,4.33E-05
2423,0.00015731
2424,0.00019737
2425,-0.00010736
2426,-0.00021634
2427,-0.00015862
2428,1.12E-05
2429,-0.00015209
2430,3.38E-05
2431,-0.00012231
2432,8.45E-05
2433,-4.82E-05
2434,6.53E-06
2435,0.00015669
2436,0.00015065
2437,0.00018127
2438,7.49E-05
2439,2.52E-06
2440,-0.00011466
2441,-3.03E-05
2442,3.05E-05
2443,0.00016919
2444,0.00010484
2445,2.09E-05
2446,0.0001495
2447,-2.72E-05
2448,1.79E-05
2449,-5.83E-05
2450,-3.33E-05
2451,3.02E-05
2452,3.37E-05
2453,-9.92E-05
2454,-0.00028462
2455,-0.00026535
2456,-0.00015191
2457,-0.00042971
2458,-0.00037594
2459,-0.00045878
2460,-0.00022489
2461,1.31E-06
2462,-0.00013424
2463,-0.00019705
2464,-0.0003038
2465,-0.00018785
2466,-0.00016578
2467,0.00032799
2468,0.00013495
2469,2.98E-05
2470,-0.00014911
2471,-0.00046912
2472,-0.00036404
2473,-0.00041431
2474,-5.31E-05
2475,-0.00018661
2476,-0.00017148
2477,-0.0003782
2478,-5.45E-05
2479,-0.00017457
2480,2.32E-06
2481,0.00017196
2482,0.000149
2483,0.00027845
2484,0.000477
2485,0.00020207
2486,-4.31E-05
2487,-2.77E-05
2488,3.38E-05
2489,-5.57E-05
2490,0.00020119
2491,0.00025782
2492,0.00018794
2493,0.00023501
2494,0.00030823
2495,1.00E-06
2496,1.59E-05
2497,0.00014527
2498,0.00010511
2499,0.00027045
2500,0.00026297
2501,4.11E-05
2502,0.00012326
2503,0.00010353
2504,2.69E-05
2505,0.0001255
2506,4.62E-05
2507,-0.00027252
2508,-0.00022353
2509,-0.00018727
2510,-0.00042198
2511,-0.00043996
2512,-0.00010276
2513,-0.00047517
2514,-0.00032582
2515,-0.00015597
2516,-7.77E-06
2517,-0.00013635
2518,-0.00013941
2519,4.78E-05
2520,-0.00010422
2521,-0.00020549
2522,0.00017665
2523,3.35E-07
2524,-0.00013884
2525,-0.00033115
2526,-0.0004405
2527,-0.00012405
2528,-0.00019801
2529,0.00027783
2530,0.00037659
2531,0.00042347
2532,0.00018804
2533,-0.0001851
2534,0.00030963
2535,0.00022999
2536,7.43E-05
2537,0.00031808
2538,0.00038721
2539,0.00035156
2540,0.00030938
2541,0.00038579
2542,0.00035598
2543,0.00022192
2544,9.29E-05
2545,2.13E-05
2546,-0.00037157
2547,-0.00051511
2548,-0.00034395
2549,-0.00056115
2550,-0.0008325
2551,-0.0010412
2552,-0.0011343
2553,-0.00071345
2554,-0.0006811
2555,-0.00082542
2556,-0.00021983
2557,3.20E-05
2558,0.00038489
2559,0.00065637
2560,0.00069602
2561,0.00042026
2562,0.00037223
2563,0.00047506
2564,0.00043617
2565,0.00034649
2566,0.0003007
2567,5.56E-05
2568,0.00017291
2569,0.0001806
2570,-7.24E-07
2571,-0.00022179
2572,-0.00046897
2573,-0.00038043
2574,-0.00026707
2575,-0.00011904
2576,-0.00031217
2577,-0.00035682
2578,-0.00041411
2579,-0.00049786
2580,-0.00059043
2581,-0.00052058
2582,-0.00033008
2583,-0.0003172
2584,0.00011795
2585,0.00029748
2586,0.00059487
2587,0.00055616
2588,0.00064887
2589,0.00062268
2590,0.00042681
2591,0.00024634
2592,0.00039171
2593,0.00022192
2594,0.00019492
2595,0.00017075
2596,0.00056867
2597,0.00047563
2598,0.00052768
2599,0.00032627
2600,-0.00035628
2601,-0.00094682
2602,-0.0012253
2603,-0.0011742
2604,-0.0011089
2605,-0.0006581
2606,-7.12E-05
2607,0.00042838
2608,0.00052328
2609,0.00038678
2610,0.00023338
2611,5.79E-05
2612,-4.10E-05
2613,6.06E-06
2614,-0.00017498
2615,-0.00015669
2616,8.47E-05
2617,-7.52E-06
2618,-0.00013991
2619,6.44E-05
2620,0.00012433
2621,0.00023326
2622,-0.00029614
2623,0.0002498
2624,0.00067813
2625,0.00076785
2626,0.00067818
2627,0.00061325
2628,0.00040901
2629,0.00045282
2630,0.00015051
2631,-0.0003642
2632,-0.00061511
2633,-0.00068244
2634,-0.0010334
2635,-0.00079429
2636,-0.00054439
2637,-0.00037333
2638,-0.00029303
2639,-0.00069181
2640,-0.00077581
2641,-0.00066111
2642,-0.00037208
2643,-0.00056648
2644,-0.00041681
2645,-0.0001406
2646,-0.0001197
2647,5.78E-05
2648,-0.00010673
2649,7.53E-05
2650,0.00021894
2651,0.00044044
2652,0.00058924
2653,0.00089288
2654,0.0006493
2655,0.00028199
2656,0.00012474
2657,0.00020483
2658,0.00044263
2659,0.00023432
2660,9.80E-05
2661,-9.95E-05
2662,0.00013637
2663,5.28E-05
2664,-0.00013746
2665,-0.00028512
2666,-0.00042386
2667,-0.00040131
2668,-0.00079398
2669,-0.00071059
2670,-0.00085498
2671,-0.00054411
2672,-0.00042036
2673,1.45E-06
2674,0.00041565
2675,0.00066203
2676,0.001172
2677,0.0011168
2678,0.00090406
2679,0.00066204
2680,0.00031721
2681,0.00041475
2682,0.00034877
2683,9.87E-05
2684,-0.0002804
2685,-0.00050266
2686,-0.00069807
2687,-0.00060265
2688,-0.00044392
2689,0.00010122
2690,6.75E-05
2691,0.00042164
2692,-2.93E-05
2693,-0.00018721
2694,-0.00074348
2695,-0.00074053
2696,-0.00010976
2697,5.89E-06
2698,0.00025745
2699,-6.31E-05
2700,0.00034104
2701,5.68E-05
2702,0.00021184
2703,0.00032302
2704,0.00064331
2705,0.00075945
2706,0.00063968
2707,0.00068761
2708,0.0003763
2709,0.00031356
2710,0.00018379
2711,0.00025287
2712,-0.00033312
2713,-0.0007217
2714,-0.00089688
2715,-0.0011431
2716,-0.00094036
2717,-0.0004888
2718,-0.00022707
2719,-0.00024493
2720,-7.37E-05
2721,-0.00012946
2722,-0.0002087
2723,6.59E-05
2724,-4.69E-05
2725,-0.00010542
2726,-0.00029658
2727,0.0001299
2728,-0.00028552
2729,0.00011655
2730,0.00036896
2731,0.00041087
2732,0.00030915
2733,-3.54E-05
2734,-0.00042131
2735,-0.00023895
2736,-0.00012793
2737,-0.00012897
2738,-0.00021235
2739,0.00010892
2740,0.00012842
2741,-8.13E-05
2742,-0.00027751
2743,-0.00049712
2744,-0.00023511
2745,0.00036427
2746,0.00017302
2747,0.00023805
2748,8.79E-05
2749,3.99E-05
2750,-8.50E-05
2751,-0.0002646
2752,-0.00054229
2753,-0.00022851
2754,-0.00017547
2755,-0.00022355
2756,-0.00016192
2757,-2.31E-05
2758,0.00034399
2759,7.92E-05
2760,-3.70E-06
2761,0.00059702
2762,0.00093343
2763,0.00082318
2764,0.00057492
2765,1.54E-05
2766,-8.90E-06
2767,-0.0002595
2768,-0.00037107
2769,-0.00077021
2770,-0.00079706
2771,0.0002794
